{
  "sentence_classification": {
    "accuracy": 0.8834726261919664,
    "precision": 0.6139015728056824,
    "recall": 0.1784924030092934,
    "f1": 0.2765714285714286
  },
  "summarization": {
    "rouge_1": 0.295828978322957,
    "rouge_2": 0.11416421709202765,
    "rouge_l": 0.19515804683853313
  },
  "train_examples": 423359,
  "validation_examples": 54322,
  "train_records": 15000,
  "validation_records": 2000,
  "model_type": "mlp"
}