{
  "run_date": "2026-04-27",
  "train_records": 15000,
  "validation_records": 2000,
  "dataset": "CNN/DailyMail",
  "training_scale": "15k",
  "summarization_config": {
    "top_n_sentences": 3,
    "redundancy_threshold": 0.8,
    "mmr_lambda": 0.85,
    "max_candidates": 15
  },
  "models": {
    "logistic_regression": {
      "validation": {
        "accuracy": 0.7624351091638747,
        "precision": 0.29569103521878337,
        "recall": 0.6539312582976841,
        "f1": 0.4072389876441137,
        "rouge_1": 0.2880912989244414,
        "rouge_2": 0.11088887441228394,
        "rouge_l": 0.19116565948202768
      },
      "test": {
        "rouge_1": 0.2880912989244414,
        "rouge_2": 0.11088887441228394,
        "rouge_l": 0.19116565948202768
      }
    },
    "linear_svm": {
      "validation": {
        "accuracy": 0.8774713743971135,
        "precision": 0.5323854660347551,
        "recall": 0.149137040861484,
        "f1": 0.23300299608204655,
        "rouge_1": 0.2887638878744426,
        "rouge_2": 0.11145955289163847,
        "rouge_l": 0.19159178879781
      },
      "test": {
        "rouge_1": 0.2887638878744426,
        "rouge_2": 0.11145955289163847,
        "rouge_l": 0.19159178879781
      }
    },
    "random_forest": {
      "validation": {
        "accuracy": 0.8418688560804094,
        "precision": 0.3938079043039756,
        "recall": 0.4953532969464523,
        "f1": 0.43878217692408206,
        "rouge_1": 0.3074709218145918,
        "rouge_2": 0.11898324305638908,
        "rouge_l": 0.2029777123087845
      },
      "test": {
        "rouge_1": 0.3074709218145918,
        "rouge_2": 0.11898324305638908,
        "rouge_l": 0.2029777123087845
      }
    },
    "mlp": {
      "validation": {
        "accuracy": 0.8834726261919664,
        "precision": 0.6139015728056824,
        "recall": 0.1784924030092934,
        "f1": 0.2765714285714286,
        "rouge_1": 0.295828978322957,
        "rouge_2": 0.11416421709202765,
        "rouge_l": 0.19515804683853313
      },
      "test": {
        "rouge_1": 0.295828978322957,
        "rouge_2": 0.11416421709202765,
        "rouge_l": 0.19515804683853313
      }
    }
  }
}