{
  "run_date": "2026-04-20",
  "train_records": 1500,
  "validation_records": 200,
  "test_records": 200,
  "summarization_config": {
    "top_n_sentences": 3,
    "redundancy_threshold": 0.8,
    "mmr_lambda": 0.85,
    "max_candidates": 15
  },
  "models": {
    "logistic_regression": {
      "validation": {
        "accuracy": 0.7895039264508715,
        "precision": 0.2595281306715064,
        "recall": 0.5026362038664324,
        "f1": 0.34230999401555956,
        "rouge_1": 0.2516552017691933,
        "rouge_2": 0.0920689476793298,
        "rouge_l": 0.17336357396433455
      },
      "test": {
        "rouge_1": 0.26482913596216384,
        "rouge_2": 0.09500456876946287,
        "rouge_l": 0.18535430394601848
      }
    },
    "linear_svm": {
      "validation": {
        "accuracy": 0.8914001149205133,
        "precision": 0.5161290322580645,
        "recall": 0.056239015817223195,
        "f1": 0.10142630744849446,
        "rouge_1": 0.24923456607975392,
        "rouge_2": 0.08626660263858253,
        "rouge_l": 0.16923176685335561
      },
      "test": {
        "rouge_1": 0.2611728460969969,
        "rouge_2": 0.09105845153607542,
        "rouge_l": 0.18225957957135472
      }
    },
    "random_forest": {
      "validation": {
        "accuracy": 0.8431334993296303,
        "precision": 0.3405612244897959,
        "recall": 0.46924428822495606,
        "f1": 0.3946784922394678,
        "rouge_1": 0.267034500575966,
        "rouge_2": 0.10201982434952779,
        "rouge_l": 0.1865429624373961
      },
      "test": {
        "rouge_1": 0.2798782179111807,
        "rouge_2": 0.10635861662154897,
        "rouge_l": 0.19463761897512857
      }
    },
    "mlp": {
      "validation": {
        "accuracy": 0.8936985251867459,
        "precision": 0.5269230769230769,
        "recall": 0.24077328646748683,
        "f1": 0.330518697225573,
        "rouge_1": 0.26879128393416324,
        "rouge_2": 0.10079967241756567,
        "rouge_l": 0.18441013547112114
      },
      "test": {
        "rouge_1": 0.27349807424856354,
        "rouge_2": 0.1032445515476749,
        "rouge_l": 0.19093369033445498
      }
    }
  }
}